,title,url,source,news_desk,type_of_material,first_paragraph,date,word_count,day_of_week
0,A Grass-Roots Republican Reflects on 2021,https://www.nytimes.com/2022/01/01/opinion/trigger-warning-its-my-brothers-turn-again.html,New York Times,OpEd,Op-Ed,I have gotten emails asking me not to run my brother Kevin’s annual column this past year. And I have gotten emails asking me to please run Kevin’s column. I prefer to let people know what Republicans like Kevin are thinking. So here he is:,2022-01-01 14:00:05+00:00,963.0,Saturday
1,Every Day Is Jan. 6 Now,https://www.nytimes.com/2022/01/01/opinion/january-6-attack-committee.html,New York Times,Editorial,Editorial,"This article is part of a collection on the events of Jan. 6, one year later. Read more in a note from Times Opinion’s politics editor Ezekiel Kweku in our Opinion Today newsletter.",2022-01-01 16:00:06+00:00,1508.0,Saturday
2,"As Jan. 6 Anniversary Nears, Panel Faces Tough Questions",https://www.nytimes.com/2022/01/02/us/politics/jan-6-capitol-riot-anniversary.html,New York Times,Washington,News,Follow our live updates on the Jan. 6 Capitol Attack Anniversary.,2022-01-03 00:21:31+00:00,1315.0,Monday
3,We’re Not a Real Democracy. That’s Why Jan. 6 Happened.   ,https://www.nytimes.com/2022/01/03/opinion/us-democracy-constitution.html,New York Times,OpEd,Op-Ed,"This article is part of a collection on the events of Jan. 6, one year later. Read more in a note from Times Opinion’s politics editor Ezekiel Kweku in our Opinion Today newsletter.",2022-01-03 10:00:07+00:00,1713.0,Monday
4,"By Endorsing Orban, Trump Returns a Favor",https://www.nytimes.com/2022/01/03/us/politics/trump-endorses-viktor-orban-hungary.html,New York Times,Politics,News,"Former President Donald J. Trump endorsed Hungary’s prime minister, Viktor Orban, on Monday, formally pledging his “complete support” to a far-right foreign leader who has touted turning his country into an “illiberal state.”",2022-01-03 15:19:22+00:00,334.0,Monday
5,New York Attorney General Seeks Trump Children for Fraud Inquiry,https://www.nytimes.com/2022/01/03/nyregion/letitia-james-ivanka-donald-trump-jr-subpoena.html,New York Times,Metro,News,"The New York State attorney general’s office, which last month subpoenaed Donald J. Trump as part of a civil investigation into his business practices, is also seeking to question two of his adult children as part of the inquiry.",2022-01-03 16:19:03+00:00,846.0,Monday
6,Prosecute Trump for the Coup Attempt?,https://www.nytimes.com/2022/01/03/opinion/letters/donald-trump-jan-6.html,New York Times,Letters,Letter,To the Editor:,2022-01-03 19:30:46+00:00,1175.0,Monday
7,Jan. 6 Inquiry Turns Its Focus To New Group,https://www.nytimes.com/2022/01/03/us/politics/first-amendment-praetorian-trump-jan-6.html,New York Times,Washington,News,"Days after a pro-Trump mob stormed the Capitol on Jan. 6 last year, federal law enforcement officials pursued two high-profile extremist groups: the far-right nationalist Proud Boys and the Oath Keepers militia. Members of both organizations were quickly arrested on attention-grabbing charges, accused of plotting to interfere with the certification of the 2020 vote count.",2022-01-03 21:24:12+00:00,1547.0,Monday
8,How the Jan. 6 Committee’s Search for Criminality Could Play Out,https://www.nytimes.com/2022/01/03/us/politics/capitol-riot-january-6.html,New York Times,Washington,News,WASHINGTON — The House committee investigating the Jan. 6 attack on the Capitol is in the early stages of considering whether to make criminal referrals to the Justice Department that would urge prosecuting former President Donald J. Trump or his allies.,2022-01-03 23:53:39+00:00,1069.0,Monday
9,A Top Official  For Elections  Since 1976  Set to Retire,https://www.nytimes.com/2022/01/03/us/politics/bill-gardner-retires.html,New York Times,Politics,News,"Bill Gardner, who for decades as secretary of state has fiercely defended New Hampshire’s right to hold the country’s first presidential primaries, said on Monday that he would step down after 45 years.",2022-01-04 00:05:55+00:00,610.0,Tuesday
10,Investigation of Riot  Picks Up Momentum,https://www.nytimes.com/2022/01/04/us/politics/capitol-riot-panel.html,New York Times,Washington,News,Follow live updates on the House committee hearing on the Jan. 6 attack on the Capitol.,2022-01-04 10:00:12+00:00,1609.0,Tuesday
11,,https://www.nytimes.com/2022/01/04/opinion/trump-2024.html,New York Times,OpEd,Op-Ed,"This article is part of a collection on the events of Jan. 6, one year later. Read more in a note from Times Opinion’s politics editor Ezekiel Kweku in our Opinion Today newsletter.",2022-01-04 10:00:14+00:00,1523.0,Tuesday
12,Trump Isn’t the Only One to Blame,https://www.nytimes.com/2022/01/04/opinion/capitol-riot.html,New York Times,OpEd,Op-Ed,"This article is part of a collection on the events of Jan. 6, one year later. Read more in a note from Times Opinion’s politics editor Ezekiel Kweku in our Opinion Today newsletter.",2022-01-04 10:00:14+00:00,1369.0,Tuesday
13,The Scars of January 6,https://www.nytimes.com/2022/01/04/magazine/jan-6-capitol-police-officers.html,New York Times,Magazine,News,"On the morning of Jan. 6, Caroline Edwards, a 31-year-old United States Capitol Police officer, was stationed by some stairs on the Capitol grounds when the energy of the crowd in front of her seemed to take on a different shape; it was like that moment when rain suddenly becomes hail. A loud, sour-sounding horn bleated, piercing through the noise of the crowd, whose cries coalesced into an accusatory chant: “U.S.A.! U.S.A.!” Edwards, who is 5-foot-4, tried to make herself look imposing. Behind a row of bike racks, alongside four other officers, she stood in a wide stance, her hands on her hips. A man in front of her whipped off his jacket as if he were getting ready for something, flipped his red MAGA hat backward — and then the rioters were pushing the bike racks forward as the officers pushed back, trying to hold their balance.",2022-01-04 10:00:20+00:00,11604.0,Tuesday
14,Trump Political Operation Kicks Into Gear Ahead of Midterms and Possible ’24 Bid,https://www.nytimes.com/2022/01/04/us/politics/donald-trump-midterm-elections.html,New York Times,Politics,News,"Donald J. Trump and his allies are scheduling events and raising money for initiatives intended to make the former president a central player in the midterm elections, and possibly to set the stage for another run for the White House.",2022-01-04 16:49:39+00:00,1272.0,Tuesday
15,Misinformation Surged on Podcasts Before Capitol Attack,https://www.nytimes.com/2022/01/04/technology/apple-google-spotify-podcast-election-misinformation.html,New York Times,Business,News,"Weeks before the 2020 presidential election, the conservative broadcaster Glenn Beck outlined his prediction for how Election Day would unfold: President Donald J. Trump would be winning that night, but his lead would erode as dubious mail-in ballots arrived, giving Joseph R. Biden Jr. an unlikely edge.",2022-01-04 21:37:50+00:00,1085.0,Tuesday
16,,https://www.nytimes.com/2022/01/04/opinion/marjorie-taylor-greene-twitter.html,New York Times,OpEd,Op-Ed,Alex Jones deserved it. Donald Trump really deserved it. And now Marjorie Taylor Greene? She double deserves it.,2022-01-04 21:43:30+00:00,1434.0,Tuesday
17,"To Save America, Don’t Dismantle the Police or the Constitution",https://www.nytimes.com/2022/01/04/opinion/trump-jan-6-democracy.html,New York Times,OpEd,Op-Ed,"On Christmas morning, I woke up early and flipped on CNN, where I found the newscaster toggling among three news stories — two really depressing ones and an amazingly uplifting one.",2022-01-05 00:00:10+00:00,1370.0,Wednesday
18,,https://www.nytimes.com/2022/01/04/us/politics/trump-gop-jan-6.html,New York Times,Politics,News,Follow our live updates on the Jan. 6 Capitol Attack Anniversary.,2022-01-05 00:10:04+00:00,1463.0,Wednesday
19,Jan. 6 Panel Asks Hannity To Cooperate In Its Inquiry,https://www.nytimes.com/2022/01/04/business/sean-hannity-jan-6-committee.html,New York Times,Business,News,"The House committee investigating the Jan. 6 attack on the Capitol has requested that Sean Hannity, the star Fox News host, respond to questions about his communications with former President Donald J. Trump and his staff in the days surrounding the riot.",2022-01-05 00:20:22+00:00,775.0,Wednesday
20,,https://www.nytimes.com/2022/01/04/us/politics/trump-jan-6-capitol-attack-anniversary.html,New York Times,Politics,News,Donald J. Trump on Tuesday abruptly canceled a news conference that he had scheduled at his Mar-a-Lago resort for Thursday evening on the one-year anniversary of the breaching of the United States Capitol.,2022-01-05 00:56:15+00:00,336.0,Wednesday
21,"A Year Later, Capitol Cases Keep Growing",https://www.nytimes.com/2022/01/05/us/politics/jan-6-capitol-riot-investigation.html,New York Times,Washington,News,Follow our live updates on the Jan. 6 Capitol Attack Anniversary.,2022-01-05 08:00:09+00:00,1922.0,Wednesday
22,,https://www.nytimes.com/2022/01/05/opinion/american-democracy-a-status-check.html,New York Times,OpEd,Op-Ed,"Just how much trouble is American democracy in? When we look to 2024, it’s easy to focus on the doomsday scenario: an election where legitimate results get thrown out. But our democracy has been eroding for years — and we’ve never been an equal democracy for everyone in the first place.",2022-01-05 10:00:06+00:00,288.0,Wednesday
23,An Assault On the Truth,https://www.nytimes.com/2022/01/05/opinion/republicans-trump-lies.html,New York Times,OpEd,Op-Ed,"This article is part of a collection on the events of Jan. 6, one year later. Read more in a note from Times Opinion’s politics editor, Ezekiel Kweku, in our Opinion Today newsletter.",2022-01-05 10:00:14+00:00,1622.0,Wednesday
24,What the World Saw That Day,https://www.nytimes.com/2022/01/05/opinion/jan-6-global-democracy.html,New York Times,OpEd,Op-Ed,"This article is part of a collection on the events of Jan. 6, one year later. Read more in a note from Times Opinion’s politics editor Ezekiel Kweku in our Opinion Today newsletter.",2022-01-05 10:00:20+00:00,1371.0,Wednesday
25,Capitol Police Chief Commits to Security Upgrades,https://www.nytimes.com/2022/01/05/us/politics/capitol-police-january-6.html,New York Times,Washington,News,"WASHINGTON — With officers still reeling from the mob violence that overran Congress a year ago, the chief of the U.S. Capitol Police told lawmakers on Wednesday that his department was taking steps to address deficiencies laid bare by the attack and would implement more than 100 recommendations for improvement.",2022-01-05 10:00:22+00:00,1291.0,Wednesday
26,A Year After Jan. 6: The Threat Lingers,https://www.nytimes.com/2022/01/05/opinion/letters/jan-6-capitol-hill-riot.html,New York Times,Letters,Letter,To the Editor:,2022-01-05 14:31:33+00:00,885.0,Wednesday
27,They Voted to Impeach. It’s Still Costing Them.,https://www.nytimes.com/2022/01/05/us/politics/republican-impeachment-votes-trump-jan-6.html,New York Times,Washington,News,"WASHINGTON — The 10 House Republicans who voted to impeach Donald J. Trump did so with the same conviction — that a president of their party deserved to be charged with inciting insurrection on Jan. 6, 2021 — and the same hope — that his role in doing so would finally persuade the G.O.P. to repudiate him.",2022-01-05 16:48:44+00:00,1840.0,Wednesday
28,"For Autocrats Across the Globe, History Is for Revising",https://www.nytimes.com/2022/01/05/world/history-revisionism-nationalism.html,New York Times,Foreign,News,"In Russia, an organization dedicated to remembering Soviet-era abuses faces state-ordered liquidation as the Kremlin imposes a sanitized national history in its place.",2022-01-05 18:56:47+00:00,1298.0,Wednesday
29,America’s Democracy Is in Danger,https://www.nytimes.com/2022/01/05/opinion/jan-6-jimmy-carter.html,New York Times,OpEd,Op-Ed,"This article is part of a collection on the events of Jan. 6, one year later. Read more in a note from Times Opinion’s politics editor Ezekiel Kweku in our Opinion Today newsletter.",2022-01-05 20:10:21+00:00,955.0,Wednesday
30,Jan. 6 Celebration Efforts Get Little Response Online,https://www.nytimes.com/2022/01/05/technology/jan-6-anniversary-social-media.html,New York Times,Business,News,Follow our live updates on the Jan. 6 Capitol Attack Anniversary.,2022-01-05 22:43:22+00:00,1065.0,Wednesday
31,"Year After Riot, G.O.P. Is Trump’s to Command",https://www.nytimes.com/2022/01/05/us/politics/trump-gop-jan-6.html,New York Times,Politics,News,"​​One year ago, on the very same day when fevered supporters of Donald J. Trump breached the United States Capitol in a violent riot that defiled a symbol of American democracy, the leadership of the Republican National Committee happened to gather, almost 700 miles away at a Ritz-Carlton on Amelia Island, Fla.",2022-01-05 22:47:56+00:00,1743.0,Wednesday
32,Lingering Resentments Amplify Struggle to Comprehend a Chaotic Day,https://www.nytimes.com/2022/01/05/us/politics/jan-6-attack-capitol-lawmakers.html,New York Times,Washington,News,"WASHINGTON — Metal detectors screen lawmakers for weapons at the doors of the House chamber. Staff members are frightened to come to work. Anxious police officers worry about a future attack, even as they relive the one that took place. The citadel of democracy is almost inaccessible to the public it is supposed to welcome and serve.",2022-01-05 23:55:41+00:00,1343.0,Wednesday
33,,https://www.nytimes.com/2022/01/05/us/politics/americans-political-violence-capitol-riot.html,New York Times,Politics,News,Follow our live updates on the Jan. 6 Capitol Attack Anniversary.,2022-01-06 00:00:04+00:00,1549.0,Thursday
34,,https://www.nytimes.com/2022/01/06/arts/television/stephen-colbert-trump-jan-6.html,New York Times,Culture,News,"Welcome to the Best of Late Night, a rundown of the previous night’s highlights that lets you sleep — and lets us get paid to watch comedy. Here are the 50 best movies on Netflix right now.",2022-01-06 06:56:03+00:00,822.0,Thursday
35,"Shock, Outrage, and a Deeper Political Divide",https://www.nytimes.com/2022/01/06/us/politics/jan-6-capitol-riot-aftermath.html,New York Times,Washington,News Analysis,"WASHINGTON — For a day or two or maybe a week after the can-you-believe-this-is-happening-in-America events of a year ago, there were those who thought that the shock to the system might upend politics in a profound way.",2022-01-06 08:00:15+00:00,1976.0,Thursday
36,,https://www.nytimes.com/2022/01/06/opinion/sway-kara-swisher-george-farmer.html,New York Times,OpEd,Op-Ed,"After an angry mob attacked the Capitol last year and users on the right-leaning social network Parler organized, shared footage and called to “burn D.C. to the ground,” Kara Swisher grilled the platform’s co-founder and C.E.O., John Matze. The interview was cited in Apple’s decision to take Parler off its App store and Amazon’s decision to suspend web hosting service for Parler. Google also booted the platform off its Play Store. Parler effectively went offline because of these three moves, and Matze lost his job.",2022-01-06 10:00:07+00:00,377.0,Thursday
37,Trumpism Wasn’t Radical Enough,https://www.nytimes.com/2022/01/06/opinion/jan-6-trump-us.html,New York Times,OpEd,Op-Ed,"This article is part of a collection on the events of Jan. 6, one year later. Read more in a note from Times Opinion’s politics editor Ezekiel Kweku in our Opinion Today newsletter.",2022-01-06 10:00:10+00:00,1224.0,Thursday
38,,https://www.nytimes.com/2022/01/06/opinion/jan-6-christian-nationalism.html,New York Times,OpEd,Op-Ed,"This article is part of a collection on the events of Jan. 6, one year later. Read more in a note from Times Opinion’s politics editor Ezekiel Kweku in our Opinion Today newsletter.",2022-01-06 10:04:21+00:00,1836.0,Thursday
39,Biden Condemns Trump as U.S. Remembers Capitol Riot,https://www.nytimes.com/2022/01/06/us/politics/biden-jan-6-capitol-attack.html,New York Times,Washington,News,WASHINGTON — President Biden denounced former President Donald J. Trump and his allies on Thursday for holding “a dagger at the throat of America” by promoting lies and violence as the nation’s capital fractured into sparring camps a year after the Jan. 6 mob assault on Congress.,2022-01-06 10:30:06+00:00,1858.0,Thursday
40,,https://www.nytimes.com/2022/01/06/podcasts/the-daily/cheney-trump-gop-jan-6.html,New York Times,Podcasts,News,This episode contains strong language. ,2022-01-06 11:00:09+00:00,466.0,Thursday
41,,https://www.nytimes.com/video/us/politics/100000008148287/biden-jan-6-speech.html,New York Times,,Video,The president denounced former President Donald J. Trump for spreading lies about the 2020 election during a speech on the anniversary of the Capitol riot.,2022-01-06 16:59:44+00:00,0.0,Thursday
42,The Right’s Revisionist History of an Uprising Fueled by a Lie,https://www.nytimes.com/2022/01/06/us/politics/jan-6-lies.html,New York Times,Investigative,News,"It was mere hours after a mob spurred on by the “stop the steal” lies of President Donald J. Trump had attacked the United States Capitol, and already new lies were taking hold in the nearby streets.",2022-01-06 17:56:11+00:00,2070.0,Thursday
43,,https://www.nytimes.com/2022/01/06/us/politics/cheneys-jan-6.html,New York Times,Washington,News,"There were just two Republicans present in the House chamber for a moment of silence commemorating the Jan. 6 riot in the Capitol: Representative Liz Cheney of Wyoming, and her father, Dick Cheney, the former vice president.",2022-01-06 20:26:15+00:00,284.0,Thursday
44,,https://www.nytimes.com/2022/01/06/us/politics/trapped-capitol-jan-6.html,New York Times,Washington,News,"WASHINGTON — Wayne K. Williams, a senior adviser to Representative Hakeem Jeffries of New York, the No. 5 House Democrat, was the only staff member in his office on Jan. 6, barricaded in a room in the middle of the Capitol as the deadliest attack on the building in two centuries unfolded.",2022-01-06 20:41:54+00:00,1429.0,Thursday
45,Democrats in Virginia Plan to Block Selection Of Former Trump Aide,https://www.nytimes.com/2022/01/06/climate/andrew-wheeler-virginia.html,New York Times,Climate,News,"WASHINGTON — A rare confirmation battle is brewing around the nomination of Andrew Wheeler, who ran the Environmental Protection Agency under President Donald J. Trump, to take a similar role in an incoming Republican state administration in Virginia.",2022-01-06 22:53:54+00:00,1113.0,Thursday
46,,https://www.nytimes.com/2022/01/06/us/politics/jan-6-events-takeaways.html,New York Times,Washington,News,"WASHINGTON — This anniversary of Jan. 6 marked a turning point for President Biden, who for much of his first year in office avoided direct confrontation with his predecessor, Donald J. Trump.",2022-01-06 23:34:14+00:00,1049.0,Thursday
47,,https://www.nytimes.com/2022/01/06/us/politics/jamie-raskin-unthinkable-jan-6.html,New York Times,Politics,News,"Hi. Welcome to On Politics, your guide to the political news in Washington and across the nation. We’re your hosts, Blake and Leah. ",2022-01-07 00:00:05+00:00,1516.0,Friday
48,A Direct Attack After a Year Of Ignoring ‘the Former Guy’,https://www.nytimes.com/2022/01/06/us/politics/biden-trump-jan-6.html,New York Times,Washington,News,"WASHINGTON — For most of his first year in office, President Biden has bet that he could move the country past the divisiveness of his predecessor by restoring a sense of normalcy to the White House, practicing the traditional brand of politics he learned over decades in the Senate and as vice president — and largely ignoring the man he refers to as “the former guy.”",2022-01-07 00:02:20+00:00,1411.0,Friday
49,,https://www.nytimes.com/2022/01/06/us/politics/biden-speech-january-6-transcript.html,New York Times,Washington,News,"President Biden gave the following address on Thursday to commemorate the anniversary of the Jan. 6 attack on the Capitol. Here is a transcript of his remarks, with additional context.",2022-01-07 01:34:19+00:00,3771.0,Friday
50,,https://www.nytimes.com/video/us/politics/100000008149624/capitol-attack-anniversary.html,New York Times,,Video,"President Biden, Vice President Kamala Harris and lawmakers in Congress held a series of memorials to mark a year since a mob of Trump supporters stormed the U.S. Capitol building.",2022-01-07 01:45:20+00:00,0.0,Friday
51,,https://www.nytimes.com/2022/01/07/opinion/trump-democracy-voting-jan-6.html,New York Times,OpEd,Op-Ed,"This article is part of a collection on the events of Jan. 6, one year later. Read more in a note from Times Opinion’s politics editor Ezekiel Kweku in our Opinion Today newsletter.",2022-01-07 10:00:11+00:00,1879.0,Friday
52,‘Things Happen in Life. Quit Being a Wuss.’,https://www.nytimes.com/2022/01/07/opinion/republicans-focus-group.html,New York Times,OpEd,Op-Ed,"This article is the result of a focus group we held with Republican voters about the events of Jan. 6, 2021, and the health of American democracy. You can also read the article about our Democratic voter focus group on the same issues here. Patrick Healy, the deputy Opinion editor, expands on the takeaways from the focus groups and the intent behind them here in the Opinion Today newsletter.",2022-01-07 10:00:12+00:00,3120.0,Friday
53,‘We Barely Qualify as a Democracy Anymore.’,https://www.nytimes.com/2022/01/07/opinion/democrats-focus-group.html,New York Times,OpEd,Op-Ed,"This article is based on a focus group we held with Democratic voters about the events of Jan. 6, 2021, and the health of American democracy. You can also read the article about our Republican voter focus group on the same issues here. Patrick Healy, the deputy Opinion editor, expands on the takeaways from the focus groups and the intent behind them here in the Opinion Today newsletter.",2022-01-07 10:00:15+00:00,3082.0,Friday
54,What Voters Really Think About the State of America,https://www.nytimes.com/2022/01/07/opinion/voter-focus-groups-jan-6.html,New York Times,OpEd,Op-Ed,This article also appears in the Opinion Today newsletter. You can sign up here to receive it in your inbox each weekday morning.,2022-01-07 10:09:29+00:00,1020.0,Friday
55,,https://www.nytimes.com/2022/01/07/podcasts/the-daily/capitol-riots-donald-trump-republicans.html,New York Times,Podcasts,News,"In the United States, the transfer of power is built on the expectation that candidates and their allies follow the process peacefully and with a degree of grace.",2022-01-07 11:00:08+00:00,372.0,Friday
56,"Recalling Jan. 6, and Meting Out Justice",https://www.nytimes.com/2022/01/07/opinion/letters/jan-6-capitol-riot.html,New York Times,Letters,Letter,To the Editor:,2022-01-07 16:55:25+00:00,887.0,Friday
57,"Cyber Ninjas, Derided for Arizona Vote Review, Says It’s Shutting Down",https://www.nytimes.com/2022/01/07/us/cyber-ninjas-arizona-vote-review.html,New York Times,National,News,"For a company that has had its share of bad weeks, Cyber Ninjas, the Florida firm behind the widely derided review of Arizona’s 2020 presidential vote, may finally have hit bottom.",2022-01-08 01:53:50+00:00,993.0,Saturday
58,"Trump Coup, Part Deux",https://www.nytimes.com/2022/01/08/opinion/cheney-jan-6.html,New York Times,OpEd,Op-Ed,WASHINGTON — When pigs fly.,2022-01-08 15:13:11+00:00,928.0,Saturday
59,Steve Bannon Is On to Something,https://www.nytimes.com/2022/01/09/opinion/trump-bannon-trumpism-democracy.html,New York Times,OpEd,Op-Ed,"In his 2020 book “Politics Is for Power,” Eitan Hersh, a political scientist at Tufts, sketched a day in the life of many political obsessives in sharp, if cruel, terms.",2022-01-09 15:06:09+00:00,1958.0,Sunday
60,Biden Gets Tough to Jump-Start Agenda,https://www.nytimes.com/2022/01/09/us/politics/biden-republicans-agenda.html,New York Times,Washington,News,"WASHINGTON — President Biden has begun his second year in office by lashing out at Republicans, embracing forceful new attacks meant to define a choice for voters between Mr. Biden’s Democrats and a Republican Party still under the thumb of former President Donald J. Trump.",2022-01-09 20:35:06+00:00,1520.0,Sunday
61,Jordan Defies Jan. 6 Panel And Criticizes ‘Witch Hunts’,https://www.nytimes.com/2022/01/09/us/politics/jim-jordan-jan-6-panel.html,New York Times,Washington,News,Follow live updates on the House committee hearing on the Jan. 6 attack on the Capitol.,2022-01-10 02:10:33+00:00,701.0,Monday
62,"Covid 3.0, Biden 2.0 and Trump Number …",https://www.nytimes.com/2022/01/10/opinion/covid-biden-trump.html,New York Times,OpEd,Op-Ed,"Bret Stephens: Happy ’22, Gail. Hope your year is off to a good start. Eager to get your thoughts on Covid 3.0, which nearly every other person I know seems to have.",2022-01-10 10:00:11+00:00,1498.0,Monday
63,Panel on Riot Presses Pence For Testimony,https://www.nytimes.com/2022/01/10/us/politics/mike-pence-jan-6-testimony.html,New York Times,Washington,News,Follow live updates on the House committee hearing on the Jan. 6 attack on the Capitol.,2022-01-10 23:03:50+00:00,1745.0,Monday
64,Civil Suits Against Trump Seek Damages for Capitol Riot,https://www.nytimes.com/2022/01/10/us/politics/trump-jan-6-lawsuits.html,New York Times,Washington,News,"WASHINGTON — Members of Congress, police officers and government watchdog groups argued in federal court on Monday that Donald J. Trump was liable for major financial damages for his role in inspiring the Jan. 6 attack on Congress, pressing an array of civil suits against the former president amid mounting frustration that he has faced no penalty for the riot.",2022-01-11 01:13:33+00:00,1054.0,Tuesday
65,,https://www.nytimes.com/2022/01/11/us/politics/what-to-know.html,New York Times,Politics,News,"The current battle over voting rights — who gets to vote, how votes are cast and counted, who oversees the process — has turned what was once the humdrum machine room of United States democracy into a central partisan battlefield with enormous stakes for the future of American democracy.",2022-01-11 17:04:29+00:00,569.0,Tuesday
66,Cashing In on Melania Trump,https://www.nytimes.com/2022/01/11/style/melania-trump-white-hat-auction.html,New York Times,Styles,News,"On Jan. 11, not quite a year after Donald and Melania Trump left the White House and less than a week after the anniversary of the attack on the Capitol that took place in his name, four years or so after putting her trademarks on ice and shuttering her QVC jewelry line and her skin-care line, Melania Trump returned to the public eye with a new kind of personal brand and a new kind of merch to go with.",2022-01-11 20:00:46+00:00,1178.0,Tuesday
67,Biden-Cheney 2024? Maybe Harris-Romney?,https://www.nytimes.com/2022/01/11/opinion/democratic-ticket-liz-cheney-2024.html,New York Times,OpEd,Op-Ed,"As I’ve noted before, one reason I pay very close attention to the Israeli-Palestinian arena is that a lot of trends get perfected there first and then go global — airline hijacking, suicide bombing, building a wall, the challenges of pluralism and lots more. It’s Off Broadway to Broadway, so what’s playing there these days that might be a harbinger for politics in the U.S.?",2022-01-12 00:00:08+00:00,1380.0,Wednesday
68,,https://www.nytimes.com/2022/01/12/opinion/gop-trump-big-lie.html,New York Times,OpEd,Op-Ed,There’s a divide in the Republican Party between those who believe the “Big Lie” — that the election was stolen from President Donald Trump — and those who don’t. But which side is ultimately the future of the party?,2022-01-12 10:00:04+00:00,389.0,Wednesday
69,Let’s Not Invent a Civil War,https://www.nytimes.com/2022/01/12/opinion/civil-war-america.html,New York Times,OpEd,Op-Ed,"“How Civil Wars Start,” a new book by the political scientist Barbara F. Walter, was cited all over the place in the days around the anniversary of last winter’s riot at the Capitol. The New Yorker’s David Remnick, Vox’s Zack Beauchamp and my colleague Michelle Goldberg all invoked Walter’s work in essays discussing the possibility that the United States stands on the edge of an abyss, with years of civil strife ahead.",2022-01-12 10:00:11+00:00,1599.0,Wednesday
70,Trump Ends NPR Interview During Queries On False Claim,https://www.nytimes.com/2022/01/12/us/politics/donald-trump-npr-interview.html,New York Times,Express,News,Former President Donald J. Trump abruptly ended an interview with NPR on Tuesday after he was pressed on his false claim of a stolen election in 2020 and how he was using that assertion to put pressure on Republicans before the 2022 midterm elections.,2022-01-12 16:35:37+00:00,648.0,Wednesday
71,The Growing Fight Over Voting Rights,https://www.nytimes.com/2022/01/12/opinion/letters/voting-rights-biden-republicans.html,New York Times,Letters,Letter,To the Editor:,2022-01-12 17:13:56+00:00,1245.0,Wednesday
72,Rights Bills Leave Vote Counting Vulnerable,https://www.nytimes.com/2022/01/12/us/politics/biden-voting-rights-speech-election-subversion.html,New York Times,Politics,News Analysis,"More than a year after the attack on the Capitol, President Biden and congressional Democrats still seem nowhere close to enacting robust safeguards against another attempt to overturn a presidential election. ",2022-01-12 18:21:11+00:00,1264.0,Wednesday
73,Jan. 6 Panel Sets Its Sights On McCarthy,https://www.nytimes.com/2022/01/12/us/politics/kevin-mccarthy-jan-6-committee.html,New York Times,Washington,News,"WASHINGTON — The House select committee scrutinizing the Jan. 6 attack on the Capitol on Wednesday formally requested an interview with Representative Kevin McCarthy, taking the unusual step of calling the minority leader, who was in close contact with former President Donald J. Trump before, during and after the violence and has fought to shut down any investigation of the events.",2022-01-12 21:03:22+00:00,1238.0,Wednesday
74,,https://www.nytimes.com/2022/01/12/us/politics/lets-go-brandon-meme-gop.html,New York Times,Politics,News,"It began last fall as an ironic, profane joke after a NASCAR race. Now, it’s showing up in campaign ads.",2022-01-13 00:00:07+00:00,1323.0,Thursday
75,,https://www.nytimes.com/2022/01/12/us/politics/matt-gaetz-girlfriend-investigation.html,New York Times,Washington,News,"WASHINGTON — A former girlfriend of Representative Matt Gaetz testified on Wednesday before a federal grand jury in Orlando scrutinizing whether he broke sex trafficking laws, according to two people briefed on the case.",2022-01-13 00:17:04+00:00,542.0,Thursday
76,Ron Johnson Wasn’t Always Like This,https://www.nytimes.com/2022/01/12/opinion/ron-johnson-wisconsin-trump.html,New York Times,Editorial,Op-Ed,"Freedom lovers, rejoice! After much agonizing, Senator Ron Johnson, the Wisconsin Republican, has decided that he will be deferring the joys of retirement to run for a third term this year.",2022-01-13 00:44:06+00:00,988.0,Thursday
77,We Need to Think the Unthinkable About the U.S.,https://www.nytimes.com/2022/01/13/opinion/january-6-civil-war.html,New York Times,OpEd,Op-Ed,"A year after the Jan. 6 storming of the Capitol, the United States seems perhaps even more alarmingly fractious and divided. Regrettably, the right has sustained its support for Donald Trump and continued its assault on American democratic norms.",2022-01-13 10:00:14+00:00,1155.0,Thursday
78,,https://www.nytimes.com/2022/01/13/opinion/donald-trump-npr-interview.html,New York Times,OpEd,Op-Ed,"We can rant about the Senate and rail against Fox News. The ranting is warranted and the railing just. We can survey all the Republican efforts to subvert the will of voters, size up the hatred that so many Americans feel for one another and see the makings of a civil war.",2022-01-13 17:05:06+00:00,2158.0,Thursday
79,Georgia G.O.P. Steps Up Effort To Limit Voting,https://www.nytimes.com/2022/01/13/us/georgia-voting-laws-republicans.html,New York Times,National,News,"ATLANTA — Butch Miller, a Republican leader of the Georgia State Senate, is running for lieutenant governor and faces a tough fight this spring against a primary opponent backed by former President Donald J. Trump.",2022-01-13 17:33:34+00:00,1570.0,Thursday
80,Sedition Charge For Militia Chief In Jan. 6 Attack,https://www.nytimes.com/2022/01/13/us/politics/oath-keepers-stewart-rhodes.html,New York Times,Washington,News,"Stewart Rhodes, the leader and founder of the far-right Oath Keepers militia, was arrested on Thursday and charged along with 10 others with seditious conspiracy over what prosecutors said was their wide-ranging plot to storm the Capitol on Jan. 6 last year and disrupt the certification of Joseph R. Biden Jr.’s electoral victory.",2022-01-13 18:19:58+00:00,1330.0,Thursday
81,,https://www.nytimes.com/2022/01/13/us/politics/anti-trump-republicans.html,New York Times,Politics,News,"For those Republicans who dare to publicly oppose Donald J. Trump, politics can be a lonely place.",2022-01-14 00:11:06+00:00,1428.0,Friday
82,Avenatti Asks For Millions Over His Time In Federal Jail,https://www.nytimes.com/2022/01/13/nyregion/michael-avenatti-trump-jail.html,New York Times,Metro,News,"Michael Avenatti, who rose to prominence as the lawyer representing a pornographic film actress in lawsuits against former President Donald J. Trump and was later convicted of trying to extort Nike, is seeking millions of dollars in compensation for harsh jail conditions that he says were retaliation for his outspoken criticism of Mr. Trump.",2022-01-14 01:49:41+00:00,669.0,Friday
83,"Katko, Republican Who Backed Impeachment, Will Not Seek Re-election",https://www.nytimes.com/2022/01/14/us/politics/john-katko-retire-trump-impeachment.html,New York Times,Washington,News,"WASHINGTON — Representative John Katko of New York, a centrist Republican who broke with his party last year to vote to impeach former President Donald J. Trump, announced on Friday that he would not run for re-election.",2022-01-14 21:51:44+00:00,939.0,Friday
84,,https://www.nytimes.com/2022/01/14/us/politics/midterms-re-election-california-nj.html,New York Times,Politics,News,It’s crunchtime in the campaign world.,2022-01-15 00:00:05+00:00,1215.0,Saturday
85,Census Memo Cites ‘Unprecedented’ Meddling by Trump Officials,https://www.nytimes.com/2022/01/15/us/2020-census-trump.html,New York Times,National,News,WASHINGTON — A newly disclosed memorandum citing “unprecedented” meddling by the Trump administration in the 2020 census and circulated among top Census Bureau officials indicates how strongly they sought to resist efforts by the administration to manipulate the count for Republican political gain.,2022-01-15 10:00:10+00:00,1300.0,Saturday
86,Trump Rally Highlights G.O.P. Split on How to Win in 2022,https://www.nytimes.com/2022/01/15/us/politics/trump-rally-republicans.html,New York Times,Politics,News,"FLORENCE, Ariz. — Former President Donald J. Trump returned on Saturday to Arizona, a cradle of his political movement, to headline a rally in the desert that was a striking testament to how he has elevated fringe beliefs and the politicians who spread them — even as other Republicans openly worry that voters will ultimately punish their party for it.",2022-01-15 20:24:03+00:00,1126.0,Saturday
87,,https://www.nytimes.com/2022/01/16/us/politics/fact-check-trump-arizona-rally.html,New York Times,Washington,News,"WASHINGTON — During a rally in Arizona on Saturday, former President Donald J. Trump repeated his lie that the 2020 election was stolen and made other false claims about the pandemic and the attack on the Capitol on Jan. 6 last year. Here’s a fact check.",2022-01-16 06:58:15+00:00,732.0,Sunday
88,How Did Democrats Let This Happen?,https://www.nytimes.com/2022/01/16/opinion/biden-voting-rights.html,New York Times,OpEd,Op-Ed,"It has been less than a week since President Biden and Vice President Kamala Harris came to Atlanta and gave speeches supporting federal legislation to protect and ensure voting rights. Now the legislation is as good as dead. It happened that quickly, but many of us in Georgia saw it coming a long way off.",2022-01-16 10:00:06+00:00,1224.0,Sunday
89,Are Trump’s Followers Too Gullible?,https://www.nytimes.com/2022/01/16/opinion/letters/trump-followers.html,New York Times,Letters,Letter,To the Editor:,2022-01-16 16:30:06+00:00,966.0,Sunday
90,"DeSantis Lurks, Trump Stews And G.O.P. Faces Loyalty Test",https://www.nytimes.com/2022/01/16/us/politics/trump-desantis.html,New York Times,Politics,News,"For months, former President Donald J. Trump has been grumbling quietly to friends and visitors to his Palm Beach mansion about a rival Republican power center in another Florida mansion, some 400 miles to the north.",2022-01-17 01:47:46+00:00,1596.0,Monday
91,,https://www.nytimes.com/interactive/2022/01/17/us/politics/trump-rally-arizona.html,New York Times,U.S.,Interactive Feature,"At the first Trump rally since President Biden accused his predecessor of holding “a dagger at the throat of America,” the conservative outrage at the current president was palpable.",2022-01-17 17:54:21+00:00,0.0,Monday
92,,https://www.nytimes.com/2022/01/17/briefing/covid-china-trump-your-monday-evening-briefing.html,New York Times,NYTNow,briefing,(Want to get this newsletter in your inbox? Here’s the sign-up.) ,2022-01-17 22:30:44+00:00,1281.0,Monday
93,,https://www.nytimes.com/2022/01/18/arts/television/jimmy-kimmel-trump-rally.html,New York Times,Culture,News,"Welcome to Best of Late Night, a rundown of the previous night’s highlights that lets you sleep — and lets us get paid to watch comedy. Here are the 50 best movies on Netflix right now.",2022-01-18 07:31:16+00:00,426.0,Tuesday
94,Jan. 6 Panel Subpoenas Giuliani And Team Over Election Claims,https://www.nytimes.com/2022/01/18/us/politics/jan-6-inquiry-subpoenas-giuliani.html,New York Times,Washington,News,WASHINGTON — The House committee investigating the Jan. 6 attack on the Capitol on Tuesday subpoenaed Rudolph W. Giuliani and other members of the legal team that pursued a set of conspiracy-filled lawsuits on behalf of former President Donald J. Trump in which they made unsubstantiated claims of fraud in the 2020 presidential election.,2022-01-18 22:25:25+00:00,1133.0,Tuesday
95,"Riot Inquiry Has Asked About Trump, Filing Says",https://www.nytimes.com/2022/01/18/us/politics/trump-jan-6-riot.html,New York Times,Washington,News,"For months, the Justice Department has provided little public indication of whether, or how seriously, it is investigating the role played by former President Donald J. Trump in the violent attack on the Capitol last Jan. 6.",2022-01-18 23:27:50+00:00,636.0,Tuesday
96,,https://www.nytimes.com/2022/01/18/us/politics/trump-desantis-covid-australia.html,New York Times,Politics,News,"For those who haven’t been following the conversation on the right about Australia, Donald Trump’s recent entry into the chat might have been a little baffling.",2022-01-19 00:00:05+00:00,1489.0,Wednesday
97,,https://www.nytimes.com/2022/01/18/nyregion/trump-organization-fraud-letitia-james.html,New York Times,Metro,News,"The New York State attorney general, Letitia James, accused Donald J. Trump’s family business late Tuesday of repeatedly misrepresenting the value of its assets to bolster its bottom line, saying in court papers that the company had engaged in “fraudulent or misleading” practices.",2022-01-19 04:59:54+00:00,1676.0,Wednesday
98,,https://www.nytimes.com/interactive/2022/01/19/nyregion/letitia-james-trump-filing-january-18-2022.html,New York Times,New York,Interactive Feature,"The New York attorney general, Letitia James, released new details of her investigation into the Trump Organization.",2022-01-19 07:39:06+00:00,0.0,Wednesday
99,Fenced In,https://www.nytimes.com/2022/01/19/magazine/trumps-dream-of-a-border-wall-twisted-into-a-sci-fi-nightmare.html,New York Times,Magazine,News,"Sometime around 2018, a teenager in a blazer and bluejeans stood in desert scrubland near Las Vegas and made a pitch for U.S. Customs and Border Protection to use an army of drones equipped with electroshock weapons. These drones, he explains in a short video recently unearthed by The Intercept, could help monitor the U.S.-Mexico border. Agents could use the drones to interrogate unauthorized travelers from a distance and to incapacitate subjects who refused to comply with their demands. “There’s no wall here,” the teenager says, “and it probably wouldn’t work anyway, because of the rough terrain and eminent-domain issues. But there is a solution.” He calls it “the wall of drones.”",2022-01-19 10:00:04+00:00,1210.0,Wednesday
100,,https://www.nytimes.com/2022/01/19/opinion/trump-big-lie.html,New York Times,OpEd,Op-Ed,Why is Donald Trump’s big lie so hard to discredit?,2022-01-19 10:00:15+00:00,2930.0,Wednesday
101,Kathy Griffin’s Life on the C(anceled) List,https://www.nytimes.com/2022/01/19/arts/television/kathy-griffin.html,New York Times,Arts&Leisure,News,"To hear more audio stories from publications like The New York Times, download Audm for iPhone or Android.",2022-01-19 15:59:15+00:00,3181.0,Wednesday
102,Justices Rebuff  Trump’s Request  On Jan. 6 Records,https://www.nytimes.com/2022/01/19/us/politics/trump-supreme-court-jan-6.html,New York Times,Washington,News,"WASHINGTON — The Supreme Court on Wednesday refused a request from former President Donald J. Trump to block the release of White House records concerning the Jan. 6 attack on the Capitol, effectively rejecting Mr. Trump’s claim of executive privilege and clearing the way for the House committee investigating the riot to start receiving the documents hours later.",2022-01-19 23:17:55+00:00,1675.0,Wednesday
103,House Jan. 6 Committee Subpoenas 2 in White Nationalist Movement,https://www.nytimes.com/2022/01/19/us/politics/jan-6-committee-subpoena-white-nationalists.html,New York Times,Washington,News,WASHINGTON — The House committee investigating the Jan. 6 attack on the Capitol issued two subpoenas on Wednesday for the leaders of a white nationalist movement that helped bring a crowd to Washington ahead of the riot.,2022-01-20 00:01:59+00:00,763.0,Thursday
104,,https://www.nytimes.com/2022/01/19/us/politics/jan-6-attack-14th-amendment.html,New York Times,Politics,News,An obscure 19th-century provision of the U.S. Constitution that barred members of the Confederacy from holding political office is back in the national conversation — and some are hoping it can keep Donald J. Trump and his allies off the ballot.,2022-01-20 00:10:05+00:00,1658.0,Thursday
105,"In Inquiry Into Trump Organization,  Key Question Is Hyperbole vs. Fraud",https://www.nytimes.com/2022/01/19/nyregion/trump-investigation-letitia-james.html,New York Times,Metro,News,"In 2012, Donald J. Trump began to claim that his penthouse apartment in Trump Tower spanned 30,000 square feet, a home so luxurious and vast that it was worth $200 million. By 2015, based on that same square footage, the value had jumped to an astronomical $327 million.",2022-01-20 00:22:01+00:00,1476.0,Thursday
106,Timeline of Evidence Leading to Attack on the Capitol,https://www.nytimes.com/interactive/2022/01/19/us/oath-keepers-capitol-riot.html,New York Times,Graphics,Interactive Feature,Here’s a look at the evidence prosecutors culled to charge 11 Oath Keepers and affiliates with sedition— the most serious charge yet in the Jan. 6 invegstigation.,2022-01-20 02:32:14+00:00,0.0,Thursday
107,,https://www.nytimes.com/2022/01/20/arts/television/jimmy-kimmel-trump-fraud-allegations.html,New York Times,Culture,News,"Welcome to Best of Late Night, a rundown of the previous night’s highlights that lets you sleep — and lets us get paid to watch comedy. Here are the 50 best movies on Netflix right now.",2022-01-20 07:22:55+00:00,700.0,Thursday
108,,https://www.nytimes.com/2022/01/20/nyregion/misstatements-and-omissions.html,New York Times,Metro,briefing,"Good morning. It’s Thursday. We’ll look at the New York attorney general’s filing on her investigation of Donald Trump and the Trump Organization. We’ll also look at how $1,000 a month in guaranteed income is making a difference for mothers with young children.",2022-01-20 07:57:18+00:00,1535.0,Thursday
109,14 Independent Voters Share Their Fears,https://www.nytimes.com/2022/01/20/opinion/biden-independent-voters.html,New York Times,OpEd,Op-Ed,"How do independent voters feel about President Biden and America after his first year in office? Let’s put it this way: His weak approval ratings might go up if he pulled a Trump and just declared that America was moving on from the pandemic and he was going all in against inflation and high gas prices. Never mind about voting rights or avoiding another Jan. 6. It’s the economy, Joe.",2022-01-20 10:00:12+00:00,3739.0,Thursday
110,Trump Deal Was Panned by Big Investors,https://www.nytimes.com/2022/01/20/business/trump-media-investors.html,New York Times,Business,News,"Last month, Donald J. Trump’s fledgling social media company announced that it had lined up $1 billion from 36 investors. The size of the deal, the former president said in the announcement, signaled that his start-up’s plan to end the “tyranny” of Big Tech had significant support.",2022-01-20 10:00:25+00:00,1304.0,Thursday
111,Jan. 6 Panel Contacts  Ivanka Trump in Effort To Trace Father’s Actions,https://www.nytimes.com/2022/01/20/us/politics/jan-6-committee-ivanka-trump.html,New York Times,Washington,News,"WASHINGTON — The House committee investigating the Jan. 6 riot on Thursday requested cooperation from Ivanka Trump, as it revealed pieces of what it has learned about a scramble inside the White House that day to get President Donald J. Trump to denounce and call off the mob that was laying siege to the Capitol.",2022-01-20 17:15:30+00:00,1268.0,Thursday
112,D.A. in Atlanta Raising Stakes Against Trump,https://www.nytimes.com/2022/01/20/us/politics/georgia-trump-election-investigation.html,New York Times,Politics,News,A district attorney in Atlanta on Thursday asked a judge to convene a special grand jury to help a criminal investigation into former President Donald J. Trump’s attempts to overturn the 2020 election results in Georgia.,2022-01-20 18:11:39+00:00,1086.0,Thursday
113,,https://www.nytimes.com/2022/01/20/opinion/letters/voting-rights-filibuster.html,New York Times,Letters,Letter,To the Editor:,2022-01-20 18:30:28+00:00,1178.0,Thursday
114,Hannity Urged Trump to Stop Talk of Voter Fraud,https://www.nytimes.com/2022/01/20/business/media/sean-hannity-donald-trump-january-6.html,New York Times,Business,News,"The Fox News host Sean Hannity had some blunt advice for President Donald J. Trump on Jan. 7, 2021: “No more stolen election talk.”",2022-01-20 22:47:06+00:00,466.0,Thursday
115,What I Regret From My Time at Planned Parenthood,https://www.nytimes.com/2022/01/21/opinion/abortion-roe-anniversary.html,New York Times,OpEd,Op-Ed,"This could well be the last anniversary of Roe. Ever since the Supreme Court established a constitutional right to abortion through that decision, 49 years ago on Saturday, Republicans have been chipping away at reproductive rights. Now, the court is poised to overturn the decision once and for all — fulfilling a longstanding dream not just of fringe elements of the Republican Party, but also of its leadership. I know, because I was one of the leading faces of the movement trying to stop them.",2022-01-21 10:00:13+00:00,994.0,Friday
116,The Mental Health Toll of Trump-Era Politics,https://www.nytimes.com/2022/01/21/opinion/trump-politics-mental-health.html,New York Times,OpEd,Op-Ed,"In the last few years the hideous state of our politics has often kept me up at night, but until recently I thought I was an outlier. Even when I’ve written about political despair as a problem for Democrats, I assumed it was something that applied to activists and base voters, the sort of people who go through their days silently cursing Joe Manchin. But a striking new study from Kevin B. Smith, chair of the political science department at the University of Nebraska, Lincoln, suggests the universe of people who find our politics a torment might be much larger than I’d realized.",2022-01-21 10:00:15+00:00,950.0,Friday
117,The Long Road to Successful Vaccines,https://www.nytimes.com/2022/01/21/opinion/letters/covid-vaccines.html,New York Times,Letters,Letter,To the Editor:,2022-01-21 19:24:04+00:00,1162.0,Friday
118,Ex-Giuliani Associate Who Tried to Smear Biden on Ukraine Is Sentenced to Prison,https://www.nytimes.com/2022/01/21/nyregion/igor-fruman-sentencing.html,New York Times,Metro,News,"Well before the 2020 presidential election, when he was an associate of Rudolph W. Giuliani, Igor Fruman was on the front lines of a shadowy diplomacy campaign to advance then-President Donald J. Trump’s interests and damage his political adversaries.",2022-01-21 20:48:45+00:00,1065.0,Friday
119,Jan. 6 Panel and State Officials Seek Answers on Fake Trump Electors,https://www.nytimes.com/2022/01/21/us/politics/jan-6-fake-trump-electors.html,New York Times,Washington,News,"WASHINGTON — Law enforcement officials, members of Congress and the House committee investigating the Jan. 6 attack on the Capitol are digging deeper into the role that fake slates of electors played in efforts by former President Donald J. Trump to cling to power after he lost the 2020 election.",2022-01-21 23:11:49+00:00,1507.0,Friday
120,,https://www.nytimes.com/2022/01/23/arts/television/saturday-night-live-will-forte.html,New York Times,Culture,News,"It’s the viral phenomenon that gets picked apart on social media, where you throw out random words and see what gets a response — but first, the “Saturday Night Live” opening sketch.",2022-01-23 07:56:34+00:00,962.0,Sunday
121,"Jan. 6 Marchers, Still Defiant, See It as Day One of Movement",https://www.nytimes.com/2022/01/23/us/jan-6-attendees.html,New York Times,National,News,PHOENIX — There were moments when Paul Davis questioned his decision to join the crowd that marched on the United States Capitol last January. When he was publicly identified and fired from his job as a lawyer. When his fiancée walked out.,2022-01-23 08:00:10+00:00,1821.0,Sunday
122,Ann Coulter Is Rooting for a Trump-DeSantis Throw-Down,https://www.nytimes.com/2022/01/23/opinion/ann-coulter-trump-ron-desantis.html,New York Times,Editorial,Op-Ed,Ann Coulter has a gift for pushing just the right buttons to inflict maximum irritation. She has been a top-tier troll since Donald Trump was little more than a failed casino magnate.,2022-01-23 16:00:23+00:00,941.0,Sunday
123,The President Needs a Turnaround,https://www.nytimes.com/2022/01/24/opinion/joe-biden-2024.html,New York Times,OpEd,Op-Ed,"Bret Stephens: Gail, that was one long presidential news conference last week. If Joe Biden wanted to show he has stamina, I guess he proved it. Otherwise, how did you think it went?",2022-01-24 10:00:11+00:00,1546.0,Monday
124,Former Allies Face Off As Avenatti Trial Starts,https://www.nytimes.com/2022/01/24/nyregion/michael-avenatti-stormy-daniels.html,New York Times,Metro,News,"For much of 2018, the California-based lawyer Michael Avenatti and his client Stormy Daniels, a pornographic film actress, were key figures in the fervent political opposition to President Donald J. Trump.",2022-01-24 14:31:25+00:00,1322.0,Monday
125,,https://www.nytimes.com/2022/01/24/us/politics/trump-grand-jury-fani-willis-georgia.html,New York Times,Politics,News,A Georgia district attorney’s request to convene a special grand jury was approved Monday in the criminal investigation into former President Donald J. Trump’s attempts to overturn the 2020 election results in the state.,2022-01-24 22:52:00+00:00,558.0,Monday
126,,https://www.nytimes.com/2022/01/24/us/politics/ro-khanna-tech.html,New York Times,Politics,News,It’s not often that you meet a member of Congress who is eager to discuss the German philosopher Jürgen Habermas.,2022-01-25 00:00:05+00:00,1333.0,Tuesday
127,What Trump Papers May Tell Jan. 6 Panel,https://www.nytimes.com/2022/01/24/us/politics/trump-documents-jan-6-committee.html,New York Times,Washington,News,Follow live updates on the House committee hearing on the Jan. 6 attack on the Capitol.,2022-01-25 00:20:49+00:00,1885.0,Tuesday
128,Legal Challenge Hangs on Word ‘Insurrectionist’  ,https://www.nytimes.com/2022/01/25/us/politics/madison-cawthorn-jan-6.html,New York Times,Washington,News,"WASHINGTON — A group of lawyers is working to disqualify from the ballot a right-wing House Republican who cheered on the Jan. 6 rioters unless he can prove he is not an “insurrectionist,” disqualified by the Constitution from holding office, in a case with implications for other officeholders and potentially former President Donald J. Trump.",2022-01-26 00:34:23+00:00,1381.0,Wednesday
129,Justice Dept.  Is Reviewing Fake Electors For Trump,https://www.nytimes.com/2022/01/25/us/politics/justice-department-trump.html,New York Times,Washington,News,"WASHINGTON — The Justice Department is investigating the fake slates of electors that falsely declared Donald J. Trump the victor of the 2020 election in seven swing states that Joseph R. Biden Jr. had in fact won, a top agency official said on Tuesday.",2022-01-26 00:38:25+00:00,469.0,Wednesday
130,,https://www.nytimes.com/2022/01/25/us/politics/melania-trump-auction-hat-cryptocurrency.html,New York Times,Washington,News,"Melania Trump’s much-discussed online auction, featuring a hat she wore at the White House during a 2018 visit by President Emmanuel Macron of France, ended up turning into a victim of the crash in the cryptocurrency market.",2022-01-26 01:09:04+00:00,439.0,Wednesday
131,,https://www.nytimes.com/2022/01/26/briefing/russia-ukraine-trump-nato.html,New York Times,NYTNow,briefing,Donald Trump has made a habit of deriding the U.S. alliance with Western Europe. He described NATO — the American-led alliance with Europe that dates to the 1940s — as “obsolete” and said that Americans were “schmucks” for financing it. He mused about withdrawing the U.S. from NATO and often spoke more positively about Russia than about longtime American allies like Germany and France.,2022-01-26 11:17:07+00:00,1705.0,Wednesday
132,,https://www.nytimes.com/2022/01/26/us/politics/winred-investigation-republican-fundraising.html,New York Times,Politics,News,"A federal judge in Minnesota on Wednesday dismissed a lawsuit filed by WinRed, a company that processes online donations for Republicans, that sought to block state attorneys general from investigating fund-raising tactics that have triggered complaints of fraud.",2022-01-26 23:44:11+00:00,530.0,Wednesday
133,G.O.P. Divided Between Traditional Hawks and Isolationist Trump Loyalists,https://www.nytimes.com/2022/01/26/us/politics/republicans-ukraine.html,New York Times,Washington,News,"WASHINGTON — As President Biden tries to forge a united allied response to Russian aggression in Ukraine, unity on the home front is strained by a Republican Party torn between traditional hawks in the leadership and a wing still loyal to Donald J. Trump’s isolationist instincts and pro-Russian sentiment.",2022-01-26 23:55:29+00:00,1240.0,Wednesday
134,‘He Stole From Me’: Adult Film Star Confronts Avenatti at His Fraud Trial,https://www.nytimes.com/2022/01/27/nyregion/michael-avenatti-stormy-daniels-trial.html,New York Times,Metro,News,"Stormy Daniels, the pornographic film star whose lawsuit against former President Donald J. Trump was at the center of a 2018 scandal, took the stand as a witness on Thursday in the trial of Michael Avenatti, the lawyer who once represented her but now stands accused of stealing from her.",2022-01-27 17:25:23+00:00,990.0,Thursday
135,,https://www.nytimes.com/2022/01/27/us/politics/trump-arizona-primary.html,New York Times,Politics,News,Senator Kyrsten Sinema has received so much attention recently that you might have forgotten that she’s not the Arizona Democrat up for re-election in 2022.,2022-01-28 00:00:05+00:00,1407.0,Friday
136,,https://www.nytimes.com/2022/01/28/world/middleeast/israel-pegasus-spyware.html,New York Times,Express,News,"It is widely regarded as the world’s most potent spyware, capable of reliably cracking the encrypted communications of iPhone and Android smartphones.",2022-01-28 10:09:10+00:00,991.0,Friday
137,The Mystery of the Trump Coin,https://www.nytimes.com/2022/01/28/technology/trump-coins.html,New York Times,SundayBusiness,News,"To hear more audio stories from publications like The New York Times, download Audm for iPhone or Android.",2022-01-28 14:00:12+00:00,2262.0,Friday
138,,https://www.nytimes.com/2022/01/28/nyregion/stormy-daniels-michael-avenatti-trial.html,New York Times,Metro,News,"Early in Michael Avenatti’s cross-examination of his former client Stormy Daniels on Friday, he asked whether, a few years earlier, a “dark entity” had entered her home through a “portal.”",2022-01-28 16:33:27+00:00,822.0,Friday
139,Jan. 6 Panel Subpoenas 14 Fake Electors Who Submitted Certificates for Trump,https://www.nytimes.com/2022/01/28/us/politics/jan-6-committee-trump-electors.html,New York Times,Washington,News,Follow live updates on the House committee hearing on the Jan. 6 attack on the Capitol.,2022-01-28 19:54:25+00:00,1132.0,Friday
140,Cross-Examination at Avenatti Trial: Courtroom Time Capsule From ’18,https://www.nytimes.com/2022/01/28/nyregion/michael-avenatti-stormy-daniels.html,New York Times,Metro,News,"In the hallowed halls of Manhattan’s two federal courthouses, where some of the nation’s most prominent and historic trials have been held, defense lawyers and prosecutors regularly deliver soaring oratory and witnesses testify with deep emotion.",2022-01-28 23:05:47+00:00,957.0,Friday
141,"Are We Falling Apart? If So, Why?",https://www.nytimes.com/2022/01/29/opinion/letters/america-falling-apart.html,New York Times,Letters,Letter,To the Editor:,2022-01-29 16:27:51+00:00,1223.0,Saturday
142,"Denouncing Dark Money, Then Deploying It in 2020",https://www.nytimes.com/2022/01/29/us/politics/democrats-dark-money-donors.html,New York Times,Politics,News,"For much of the last decade, Democrats complained — with a mix of indignation, frustration and envy — that Republicans and their allies were spending hundreds of millions of difficult-to-trace dollars to influence politics.",2022-01-29 17:00:11+00:00,2806.0,Saturday
143,Trump Suggests He May Pardon Jan. 6 Rioters if He Has Another Term,https://www.nytimes.com/2022/01/30/us/politics/trump-speech-texas.html,New York Times,Politics,News,"CONROE, Texas — Donald J. Trump said on Saturday that if elected to a new term as president, he would consider pardoning those prosecuted for attacking the United States Capitol on Jan. 6 last year.",2022-01-30 05:32:24+00:00,848.0,Sunday
144,A Judge With a View of Justice Shaped by Family,https://www.nytimes.com/2022/01/30/us/politics/supreme-court-ketanji-brown-jackson.html,New York Times,Washington,News,Follow the latest updates on Judge Ketanji Brown Jackson’s Supreme Court confirmation hearings.,2022-01-30 17:45:49+00:00,1856.0,Sunday
145,Election Deniers Seek State Posts to Certify Votes,https://www.nytimes.com/2022/01/30/us/politics/election-deniers-secretary-of-state.html,New York Times,Politics,News,"PHOENIX — Nearly two dozen Republicans who have publicly questioned or disputed the results of the 2020 election are running for secretary of state across the country, in some cases after being directly encouraged by allies of former President Donald J. Trump.",2022-01-30 19:48:54+00:00,1823.0,Sunday
146,"As Trump Re-emerges, His Base Shows Fractures",https://www.nytimes.com/2022/01/31/us/politics/trump-grip-republicans-polls.html,New York Times,Politics,News,"About halfway into his Texas rally on Saturday evening, Donald J. Trump pivoted toward the teleprompter and away from a meandering set of grievances to rattle off a tightly prepared list of President Biden’s failings and his own achievements.",2022-01-31 10:00:23+00:00,1724.0,Monday
147,Georgia Prosecutor in Inquiry  Of Trump Seeks Security Help,https://www.nytimes.com/2022/01/31/us/trump-fbi-georgia.html,New York Times,National,News,"ATLANTA — The district attorney in Fulton County, Ga., who is conducting a criminal investigation of former President Donald J. Trump has asked for an F.B.I. risk assessment of the county courthouse in downtown Atlanta, citing “alarming” rhetoric used by Mr. Trump at a rally in Texas over the weekend.",2022-01-31 15:21:30+00:00,476.0,Monday
148,"After Trump-Era Turbulence, 2 Top New York Public Prosecutors Go Back to Private Practice",https://www.nytimes.com/2022/01/31/business/audrey-strass-cyrus-vance.html,New York Times,Business,News,"Audrey Strauss and Cyrus R. Vance Jr., two prosecutors in New York whose offices have tangled with former President Donald J. Trump, are heading back to private legal practice.",2022-01-31 15:41:16+00:00,667.0,Monday
149,Biden to Reinstate Air Pollution Rules Weakened Under Trump,https://www.nytimes.com/2022/01/31/climate/epa-mercury-pollution-coal.html,New York Times,Climate,News,"WASHINGTON — The Biden administration on Monday reinstated a way of measuring the benefits of reducing air pollution, the first step in a plan that could tighten limits on the amount of mercury that can be discharged from coal-burning power plants.",2022-01-31 19:14:02+00:00,1002.0,Monday
150,The Democrats’ Use of Dark Money,https://www.nytimes.com/2022/01/31/opinion/letters/democrats-dark-money.html,New York Times,Letters,Letter,To the Editor:,2022-01-31 20:51:50+00:00,855.0,Monday
151,Trump Ally Asks for Lobbying Charges to Be Dismissed,https://www.nytimes.com/2022/01/31/nyregion/thomas-barrack-trump.html,New York Times,Metro,News,"Thomas J. Barrack Jr., a real-estate investor and close friend of former President Donald J. Trump, asked a federal judge to dismiss the foreign lobbying and obstruction of justice charges against him on Monday, contending that the Justice Department delayed prosecuting him until after Mr. Trump left office.",2022-01-31 22:43:28+00:00,729.0,Monday
152,How DeSantis Gamed The Media as He Rose,https://www.nytimes.com/2022/01/31/us/politics/desantis-media.html,New York Times,Politics,News,"If Gov. Ron DeSantis of Florida somehow becomes the Republican Party’s presidential nominee in 2024, two factors will help explain why: his mastery of his party’s hostile relationship with the mainstream media, and his relentless courtship of Fox News.",2022-02-01 00:03:51+00:00,1612.0,Tuesday
153,U.S. and Allies May Revive 2015 Nuclear Deal With Iran,https://www.nytimes.com/2022/01/31/us/politics/iran-nuclear-deal-biden.html,New York Times,Washington,News,"WASHINGTON — The United States and its European allies appear on the cusp of restoring the deal that limited Iran’s nuclear program, Biden administration officials said on Monday, but cautioned that it is now up to the new government in Tehran to decide whether, after months of negotiations, it is willing to dismantle much of its nuclear production equipment in return for sanctions relief.",2022-02-01 00:27:13+00:00,1317.0,Tuesday
154,,https://www.nytimes.com/2022/01/31/us/politics/trump-campaign-filing.html,New York Times,Politics,News,"Donald J. Trump’s political operation raised more than $51 million in the second half of 2021 as the former president continued to dominate the Republican fund-raising landscape in his first year out of the White House, according to new federal filings.",2022-02-01 00:57:10+00:00,643.0,Tuesday
155,Top Pence Aide Spoke to Jan. 6 Panel in Closed Session,https://www.nytimes.com/2022/01/31/us/politics/marc-short-mike-pence.html,New York Times,Washington,News,Follow live updates on the House committee hearing on the Jan. 6 attack on the Capitol.,2022-02-01 00:58:17+00:00,699.0,Tuesday
156,Trump Sought Ways to Seize Vote Machines,https://www.nytimes.com/2022/01/31/us/politics/donald-trump-election-results-fraud-voting-machines.html,New York Times,Washington,News,"Six weeks after Election Day, with his hold on power slipping, President Donald J. Trump directed his lawyer, Rudolph W. Giuliani, to make a remarkable call. Mr. Trump wanted him to ask the Department of Homeland Security if it could legally take control of voting machines in key swing states, three people familiar with the matter said.",2022-02-01 03:41:49+00:00,1448.0,Tuesday
157,,https://www.nytimes.com/2022/02/01/arts/television/trevor-noah-trump-pardon-capitol-rioters.html,New York Times,Culture,News,"Welcome to Best of Late Night, a rundown of the previous night’s highlights that lets you sleep — and lets us get paid to watch comedy. Here are the 50 best movies on Netflix right now.",2022-02-01 06:34:53+00:00,606.0,Tuesday
158,Billionaires and Big Checks Shape Battle for Congress,https://www.nytimes.com/2022/02/01/us/politics/midterm-elections-campaign-financing.html,New York Times,Politics,News,Billionaires cut giant checks to super PACs. Small donors gave online in mass quantities. Multimillionaires poured money into their own campaigns. And both political parties announced record-setting hauls in 2021.,2022-02-01 10:00:10+00:00,1042.0,Tuesday
159,Jan. 6 Inquiry Looks at Trump’s Role in Effort to Seize Voting Machines,https://www.nytimes.com/2022/02/01/us/jan-6-panel-trump-voting-machines.html,New York Times,Washington,News,Follow live updates on the House committee hearing on the Jan. 6 attack on the Capitol.,2022-02-02 00:27:23+00:00,1634.0,Wednesday
160,Trump’s Aim: Keep Power At All Costs,https://www.nytimes.com/2022/02/01/us/politics/trump-election-jan-6-voting-machines.html,New York Times,Politics,News,"A series of new remarks by Donald J. Trump about the aftermath of the 2020 election and new disclosures about his actions in trying to forestall its result — including discussing the use of the national security apparatus to seize voting machines — have stripped away any pretense that the events of Jan. 6, 2021, were anything but the culmination of the former president’s single-minded pursuit of retaining power.",2022-02-02 01:14:29+00:00,1527.0,Wednesday
161,"So, You Think the Republican Party No Longer Represents the People",https://www.nytimes.com/2022/02/02/opinion/liberals-conservatives-democracy.html,New York Times,OpEd,Op-Ed,“There is no sense in avoiding or diluting the magnitude of this turn in our story: One major political party no longer accepts democracy.”,2022-02-02 10:00:17+00:00,1280.0,Wednesday
162,,https://www.nytimes.com/2022/02/02/opinion/trump-republicans-2025.html,New York Times,OpEd,Op-Ed,What will happen if the political tables are turned and the Republican Party wins the White House in 2024 and the House and Senate along the way?,2022-02-02 10:00:30+00:00,2903.0,Wednesday
163,,https://www.nytimes.com/2022/02/02/podcasts/the-daily/trump-voting-machine-jan-6-committee.html,New York Times,Podcasts,News,"Since the storming of the Capitol on Jan. 6, 2021, reporters and the specially appointed House Jan. 6 committee have been trying to achieve a clearer picture of the steps that President Donald J. Trump and his allies took to try to keep him in power and overturn the 2020 election.",2022-02-02 11:00:08+00:00,445.0,Wednesday
164,Trump and the Peril to Democracy,https://www.nytimes.com/2022/02/02/opinion/letters/trump-democracy.html,New York Times,Letters,Letter,To the Editor:,2022-02-02 21:11:02+00:00,923.0,Wednesday
165,Former Officer Who Testified Against Trump Files a Lawsuit,https://www.nytimes.com/2022/02/02/us/politics/alexander-vindman-trump-lawsuit.html,New York Times,Washington,News,"Alexander Vindman, the Army colonel who was a chief witness in President Donald J. Trump’s first impeachment trial, filed a lawsuit on Wednesday against Mr. Trump’s son, Donald Trump Jr.; Rudolph W. Giuliani; and two other top Trump White House aides, accusing them of running a coordinated intimidation and retaliation campaign to stop him from testifying.",2022-02-02 21:59:06+00:00,690.0,Wednesday
166,Republicans Who Voted to Impeach Are Outraising Their Rivals,https://www.nytimes.com/2022/02/02/us/politics/republicans-impeach-trump-primary-fund-raising.html,New York Times,Washington,News,"WASHINGTON — All seven House Republicans who voted to impeach former President Donald J. Trump and are seeking re-election have out-raised their primary opponents, many of whom have received Mr. Trump’s backing, according to campaign disclosures filed with the Federal Election Commission this week.",2022-02-02 22:50:51+00:00,1030.0,Wednesday
167,,https://www.nytimes.com/interactive/2022/02/02/us/trump-electors-memo-december.html,New York Times,U.S.,Interactive Feature,This memo is among the earliest known efforts to put on paper proposals for preparing alternate slates of Trump electors in Biden-won states and helped to shape a crucial strategy President Donald J. Trump’s lawyers embraced in his efforts to overturn his election loss.,2022-02-02 23:31:01+00:00,0.0,Wednesday
168,Nobody Ever Said Democracy Came Cheap,https://www.nytimes.com/2022/02/02/opinion/trump-campaign-fundraising.html,New York Times,OpEd,Op-Ed,"Welcome to February! Any notable January accomplishments to report, people? Well, I received 266 email messages from Donald Trump, asking for money. Gotta be a lifetime achievement award in there somewhere.",2022-02-02 23:37:47+00:00,920.0,Wednesday
169,,https://www.nytimes.com/interactive/2022/02/02/us/trump-electors-memo-november.html,New York Times,U.S.,Interactive Feature,This memo is among the earliest known efforts to put on paper proposals for preparing alternate slates of Trump electors in Biden-won states and helped to shape a crucial strategy President Donald J. Trump’s lawyers embraced in his efforts to overturn his election loss.,2022-02-02 23:40:49+00:00,0.0,Wednesday
170,Trump Campaign’s Memos Show Beginnings of a Plan  To Install Alternate Electors,https://www.nytimes.com/2022/02/02/us/politics/trump-jan-6-memos.html,New York Times,Washington,News,"Fifteen days after Election Day in 2020, James R. Troupis, a lawyer for the Trump campaign in Wisconsin, received a memo setting out what became the rationale for an audacious strategy: to put in place alternate slates of electors in states where President Donald J. Trump was trying to overturn his loss.",2022-02-03 00:05:00+00:00,1193.0,Thursday
171,Trump’s Brutish Code of Honor Explains His Feud With Liz Cheney,https://www.nytimes.com/2022/02/03/opinion/trump-liz-cheney-feud.html,New York Times,OpEd,Op-Ed,"In the modern Republican Party, there has never been anything quite like Liz Cheney’s war with Donald Trump. Whereas once, the party’s most heated rivalries were primarily ideological — like the feud between Nelson Rockefeller and Barry Goldwater — today’s have little to do with policy. Instead, they are about rival systems of honor that are remaking identity politics on the right.",2022-02-03 10:00:06+00:00,1354.0,Thursday
172,,https://www.nytimes.com/2022/02/03/opinion/sway-kara-swisher-jonah-goldberg.html,New York Times,OpEd,Op-Ed,"The former Fox commentator Jonah Goldberg — who has been called a “Fox defector” — says that Tucker Carlson’s latest documentary series was “the anvil that broke the camel’s back.” Titled “Patriot Purge,” it featured conspiracy theories about the Jan. 6 insurrection under the guise of journalistic interrogation. It also became a breaking point in a schism unfolding at the network between those who have embraced the Big Lie and those who feel troubled by the network’s abandonment of basic facts.",2022-02-03 10:00:07+00:00,251.0,Thursday
173,,https://www.nytimes.com/2022/02/03/opinion/desantis-trump-republicans.html,New York Times,OpEd,Op-Ed,"In early 2016, as Jeb Bush floundered, the Republican establishment began to throw its support behind a different politician from Florida who seemed as if he could defeat the upstart Donald Trump. Senator Marco Rubio was 44 and handsome, and had put together a somewhat impressive legislative record during his five years in office. National Review called Rubio a “Republican dream” and hedge fund managers were donating millions to his campaign. Trump led comfortably in the polls, but it was still early, as G.O.P. insiders reminded us, and they still hadn’t put their thumbs fully on the scale. We all know how the story ends: Rubio wasn’t able to mount any sort of credible challenge to Trump and withdrew after just a few months.",2022-02-03 20:00:06+00:00,1093.0,Thursday
174,Plan for Commission to Investigate Pandemic Has Bipartisan Support in the Senate,https://www.nytimes.com/2022/02/04/us/politics/covid-commission.html,New York Times,Washington,News,"WASHINGTON — A broad and bipartisan group of senators is coalescing around legislation to create a high-level independent commission, modeled after the one that examined the Sept. 11 attacks, with broad powers to investigate the origins of the coronavirus pandemic and the response across the Trump and Biden administrations.",2022-02-04 10:00:23+00:00,1286.0,Friday
175,The Mystery of Michael Flynn,https://www.nytimes.com/2022/02/04/magazine/michael-flynn-2020-election.html,New York Times,Magazine,News,"On Nov. 25, 2020, President Donald J. Trump announced via Twitter that he was granting a full pardon to Lt. Gen. Michael T. Flynn, his former national security adviser. Flynn pleaded guilty in 2017 to lying to federal investigators about his contacts with Russia’s ambassador to the United States during the presidential transition, though he had later tried to withdraw the plea. A CNN report that evening reflected the conventional view in Washington that the pardon, arriving 18 days after the presidential election was called for Joe Biden, was a near-final chapter of the Trump presidency, “a sign Trump understands his time in office is coming to a close.”",2022-02-04 10:00:32+00:00,7269.0,Friday
176,The Dissenters Trying  To Save Evangelicalism,https://www.nytimes.com/2022/02/04/opinion/evangelicalism-division-renewal.html,New York Times,OpEd,Op-Ed,"Think of your 12 closest friends. These are the people you vacation with, talk about your problems with, do life with in the most intimate and meaningful ways. Now imagine if six of those people suddenly took a political or public position you found utterly vile. Now imagine learning that those six people think that your position is utterly vile. You would suddenly realize that the people you thought you knew best and cared about most had actually been total strangers all along. You would feel disoriented, disturbed, unmoored. Your life would change.",2022-02-04 10:00:33+00:00,4401.0,Friday
177,G.O.P. Calls Riot ‘Legitimate Political Discourse’,https://www.nytimes.com/2022/02/04/us/politics/republicans-jan-6-cheney-censure.html,New York Times,Washington,News,"WASHINGTON — The Republican Party on Friday officially declared the Jan. 6, 2021, attack on the Capitol and events that led to it “legitimate political discourse,” and rebuked two lawmakers in the party who have been most outspoken in condemning the deadly riot and the role of Donald J. Trump in spreading the election lies that fueled it.",2022-02-04 18:10:31+00:00,1475.0,Friday
178,Avenatti Is Found Guilty of Stealing From His Client,https://www.nytimes.com/2022/02/04/nyregion/michael-avenatti-stormy-daniels-verdict.html,New York Times,Metro,News,"Four years ago, Stormy Daniels and Michael Avenatti presented a united front against President Donald J. Trump.",2022-02-04 20:02:46+00:00,1435.0,Friday
179,"‘Trump Is Wrong,’ Pence Says of His Jan. 6 Powers",https://www.nytimes.com/2022/02/04/us/politics/pence-trump-election.html,New York Times,Politics,News,"Former Vice President Mike Pence on Friday offered his most forceful rebuke of Donald J. Trump, saying the former president is “wrong” that Mr. Pence had the legal authority to change the results of the 2020 election and that the Republican Party must accept the outcome and look toward the future.",2022-02-04 20:46:40+00:00,1040.0,Friday
180,Subpoena Request for a Special Witness,https://www.nytimes.com/2022/02/04/us/politics/jan-6-defendant-trump-subpoena.html,New York Times,Washington,News,"Almost from the moment that the first rioters were arrested in connection with the violent attack on the Capitol last January, defendants have tried in various ways to blame former President Donald J. Trump for their behavior.",2022-02-04 22:39:38+00:00,932.0,Friday
181,Standing Up in Arizona To Stop G.O.P. Voting Bill,https://www.nytimes.com/2022/02/04/us/politics/arizona-republicans-rusty-bowers-voting-rights.html,New York Times,Politics,News,"It is a dark time in the life of the American experiment. The world’s oldest democracy, once assumed to be unbreakable, often appears to be coming apart at the rivets.",2022-02-05 00:00:05+00:00,1465.0,Saturday
182,,https://www.nytimes.com/video/us/politics/100000008193255/pence-trump-election-2020.html,New York Times,,Video,"Former Vice President Mike Pence said he had no legal authority to change the outcome of the 2020 election, offering his most forceful rejection of Donald Trump’s efforts to overturn the results.",2022-02-05 00:54:47+00:00,0.0,Saturday
183,The Fox News That Donald Trump Helped Build,https://www.nytimes.com/2022/02/05/business/media/trump-fox-news.html,New York Times,SundayBusiness,News,"When Roger Ailes ran CNBC in the mid-1990s, he gave himself a talk show called “Straight Forward.” It long ago vanished into the void of canceled cable programs and never received much attention after the network boss moved on to produce more provocative and polarizing content as chairman of Fox News. But “Straight Forward” was a fascinating window into what kind of people Mr. Ailes considered stars.",2022-02-05 10:00:23+00:00,2458.0,Saturday
184,The Republicans and a ‘Legitimate’ Riot,https://www.nytimes.com/2022/02/05/opinion/letters/republicans-jan6-riot.html,New York Times,Letters,Letter,To the Editor:,2022-02-05 15:46:45+00:00,341.0,Saturday
185,Protecting the 2024 Election,https://www.nytimes.com/2022/02/05/opinion/electoral-count-act-congress.html,New York Times,Editorial,Editorial,"The transfer of political power is perhaps the most delicate moment in the life of a democracy. It follows an election which the party in power lost and its opponents won. Inevitably, feelings are raw, tempers are short, and mistrust can run high … all as control of the nation is changing hands.",2022-02-05 16:34:53+00:00,1766.0,Saturday
186,,https://www.nytimes.com/2022/02/05/us/mark-esper-pentagon-memoir.html,New York Times,Express,News,"A memoir by the former defense secretary, Mark T. Esper, about his tenure in the Trump administration will be published with “minimal redactions” after he sued the agency he once led because it wanted to block information in the manuscript, his lawyer said on Friday.",2022-02-05 17:11:36+00:00,600.0,Saturday
187,Jan. 6 Committee Borrows Tactics Of a Prosecution ,https://www.nytimes.com/2022/02/05/us/politics/january-6-committee.html,New York Times,Washington,News,"The House select committee scrutinizing the Jan. 6 assault on the Capitol is borrowing techniques from federal prosecutions, employing aggressive tactics typically used against mobsters and terrorists as it seeks to break through stonewalling from former President Donald J. Trump and his allies and develop evidence that could prompt a criminal case.",2022-02-05 19:39:46+00:00,1891.0,Saturday
188,Jeff Zucker Didn’t Save Democracy,https://www.nytimes.com/2022/02/05/opinion/jeff-zucker-susan-collins-trump-cheney.html,New York Times,OpEd,Op-Ed,"Here are two anecdotes from the still-unspooling saga of Jeff Zucker, no longer the head of CNN. First, from the aftermath: According to The Los Angeles Times, in a meeting between some of the network’s staffers and its corporate leadership, the CNN correspondent Jamie Gangel shared that four members of the congressional committee investigating Jan. 6 had called to say that Zucker’s exit left them “devastated for our democracy.”",2022-02-05 20:00:06+00:00,909.0,Saturday
189,"Overhaul of Electoral Count Act Will Pass Senate, Manchin Vows",https://www.nytimes.com/2022/02/06/us/politics/electoral-count-act-overhaul.html,New York Times,Washington,News,"WASHINGTON — Two senators working on an overhaul of the little-known law that former President Donald J. Trump and his allies tried to use to overturn the 2020 election pledged on Sunday that their legislation would pass the Senate, saying that recent revelations about the plot made their work even more important.",2022-02-06 20:30:25+00:00,882.0,Sunday
190,"With Johnson, the Conservatives  Are Facing a Brutal Truth   ",https://www.nytimes.com/2022/02/07/opinion/international-world/boris-johnson-conservatives.html,New York Times,OpEd,Op-Ed,"LONDON — British Conservatives, who have ruled the country for longer than any other party in recent history, are in an agonized, self-flagellating panic. Should they get rid of Boris Johnson, their populist leader, whose deceit and breaking of lockdown rules have infuriated so much of the country and embarrassed his party? Or stick with a man who, so far, has kept them in power?",2022-02-07 06:00:06+00:00,1718.0,Monday
191,Boomers Should Fight for Change,https://www.nytimes.com/2022/02/07/opinion/older-americans-power.html,New York Times,OpEd,Op-Ed,"Neil Young and Joni Mitchell did more than go after Spotify for spreading Covid disinformation last week. They also, inadvertently, signaled what could turn out to be an extraordinarily important revival: of an older generation fully rejoining the fight for a working future.",2022-02-07 10:00:16+00:00,1291.0,Monday
192,G.O.P. Turns War on Fauci Into Strategy For Elections,https://www.nytimes.com/2022/02/07/us/politics/fauci-republicans-trump.html,New York Times,Washington,News,"COLUMBUS, Ohio — When Jane Timken kicked off an eight-week advertising campaign on the Fox News Channel in her bid for the Republican nomination for Senate, she did not focus on immigration, health care or the economy. Her first ad was titled “Fire Fauci.”",2022-02-07 10:00:22+00:00,1785.0,Monday
193,U.S. and Japan Agree To Undo Steel Tariffs,https://www.nytimes.com/2022/02/07/business/economy/us-japan-steel-tariffs.html,New York Times,Business,News,"WASHINGTON — The Biden administration reached a deal to partly lift tariffs that the Trump administration had imposed on Japanese steel, agreeing to scale back levies that had rankled both the Japanese government and American manufacturers that use imported metal.",2022-02-07 17:50:06+00:00,681.0,Monday
194,Thiel to Exit Meta’s Board To Support Republicans,https://www.nytimes.com/2022/02/07/technology/peter-thiel-facebook.html,New York Times,Business,News,"Peter Thiel, one of the longest-serving board members of Meta, the parent of Facebook, plans to step down, the company said on Monday.",2022-02-07 21:09:00+00:00,1017.0,Monday
195,Convoy Provides Moment for Canada’s Far Right,https://www.nytimes.com/2022/02/07/world/canada/canada-protests-right-populists.html,New York Times,Foreign,News,The truck convoy protests in Ottawa and several provincial capitals represent an unexpected show of strength for the far right and populist right factions at their helm.,2022-02-07 22:08:53+00:00,1284.0,Monday
196,Trump Turns Documents  Over to U.S. Archives,https://www.nytimes.com/2022/02/07/us/politics/trump-national-archives-documents.html,New York Times,Washington,News,"Former President Donald J. Trump last month handed over to the National Archives 15 boxes of documents, letters, gifts and mementos that he had taken with him when leaving office but that he had been legally required to leave in the custody of the federal government, officials said on Monday.",2022-02-08 00:36:37+00:00,785.0,Tuesday
197,Trump Allies Unleashed Spycraft on U.S. Politics,https://www.nytimes.com/2022/02/08/us/politics/erik-prince-spy-operation-trump-democrats.html,New York Times,Washington,News,"WASHINGTON — During the summer of 2018, as Richard Seddon, a former British spy, was trying to launch a new venture to use undercover agents to infiltrate progressive groups, Democratic campaigns and other opponents of President Donald J. Trump, he turned for help to a longtime friend and former colleague: Erik Prince, the private military contractor.",2022-02-08 10:00:09+00:00,1331.0,Tuesday
198,,https://www.nytimes.com/2022/02/08/business/china-us-trade.html,New York Times,Business,News,"China fell far short of the commitments it made in a 2020 trade deal with the United States, failing to purchase the promised volume of American airplanes, soybeans, energy, services and other products before the end of last year, data released Tuesday morning showed.",2022-02-08 20:00:07+00:00,911.0,Tuesday
199,Party Censures Earn a Rebuke By McConnell,https://www.nytimes.com/2022/02/08/us/politics/republicans-censure-mcconnell.html,New York Times,Washington,News,"WASHINGTON — Senator Mitch McConnell, the minority leader, pushed back hard on Tuesday against the Republican Party’s censure of Representatives Liz Cheney and Adam Kinzinger and its characterization of the Jan. 6 riot as “legitimate political discourse,” saying the riot was a “violent insurrection.”",2022-02-08 20:38:47+00:00,1551.0,Tuesday
